"file_name","bytes","sha256"
"Commercial Policy Summary.pdf","114800","16c2a6b4814c4e95f6839739bbbd9554c5d3ad45f335d3e9430657e2c30d6f95"
"Conflict of Interest Disclosure.pdf","170772","ae2d8d613cf8df4da68186fa2dd5fccc29fd95a15e7c34e480dc3bd322270fed"
"Crypto-Asset Transfer Services Disclosure.pdf","137411","5ad9c7a45fdbe1ded17b688826b03fff4132f73ba094ae95f54e3f80e8636d0a"
"Custody Statement.pdf","200651","d438d14d893c7899a283b58b1131ba276e1db6926bda2d9d5ac3936863e9e1fa"
"EEA Terms of Service.pdf","1861165","f470759559fa9cc0ef35c2aa1a12e5e7a0b8910d348a8fda91b1697ff3231d6b"
"Global Terms of Service.pdf","1555433","ca57785ecb60cc594687ccc87560cb83b19a880c10e6c34b7a19ac3dc9194287"
"MiCAR Risk Disclosure.pdf","93795","03f4ae9346d0d1ef20cb40eb2b15ac39b08046ae0ad5e139fc7b0985cada7bba"
"Order Execution Policy Summary.pdf","125084","5bf758aacba6cdb5c4158680cad046d8e3d6e51d3a4f68e475686febf615108d"
"Privacy Notice.pdf","363965","7b81476c6b50c6797c78b1d5ce73fdb0597cbf21c3417c7dfa3c6fefb11a26cb"
"Terms of Service for Canadian clients.pdf","738279","912a8746627665d99fb89c577773ae781118ef9d6f6c65e4e4f72cf08a3ef2b2"
"Terms of Service.pdf","205172","01d11689193f42c56f7643eb39dd18e2a7dbad9656d02d10012eefc91f6afbdc"
"Vendor Conflict of Interest.pdf","4155155","670d090e471122ea187c9f764f0e90667a70b1fbb963d68e090aca6c9f14b590"
