"url","final_url","title","status_code","content_type","fetched_at","text_length","text_sha256"
"https://docs.kraken.com/api","https://docs.kraken.com","Start building with Kraken - Kraken Developers","200","text/html; charset=utf-8","7/9/2026 4:14:13 PM","1418","513762d1e65f53dc462f29967b0a42e41ee5c646f503b927b0a3569775aad8eb"
"https://docs.kraken.com/exchange/guides/overview","https://docs.kraken.com/exchange/guides/overview","Exchange overview - Kraken Developers","200","text/html; charset=utf-8","7/16/2026 3:31:46 PM","3094","9cf5a9f2d90b755fb5a6ff78076f4a71f79bcb5451ddc41d5d2a0e554dcfdbca"
"https://docs.kraken.com/exchange/guides/rest/authentication","https://docs.kraken.com/exchange/guides/rest/authentication","Spot REST Authentication - Kraken Developers","200","text/html; charset=utf-8","7/16/2026 3:31:48 PM","7697","4a4f64719070a69c80fcacf863a7758301d3292bfd0d71c6729218ead62208ba"
"https://docs.kraken.com/exchange/guides/websockets/authentication","https://docs.kraken.com/exchange/guides/websockets/authentication","Spot WebSocket Authentication - Kraken Developers","200","text/html; charset=utf-8","7/16/2026 3:31:50 PM","5653","b3c50f75431cb46c6cf160f0b20913da97044fba5bb7679b982eff1b14a846ba"
"https://pro.kraken.com","https://pro.kraken.com","Advanced Cryptocurrency Trading Platform | Kraken Pro","200","text/html; charset=utf-8","8/11/2026 11:17:04 PM","28460","8aa27b03fe40ca45d1553738e507f4d3b4ceb29b3e5b5447a95d6c659f60440c"
"https://pro.kraken.com/spot","https://pro.kraken.com/spot","Crypto Spot Trading on Kraken Pro | Trade 1,400+ Pairs","200","text/html; charset=utf-8","8/11/2026 11:17:05 PM","29512","c690d9ca7fbe3ee1b27c09780f7efc91287ba22db30d1f1723cee26e3647d663"
"https://support.kraken.com","https://support.kraken.com","Support Center | Kraken","200","text/html; charset=utf-8","7/10/2026 10:37:56 AM","788","afbbee9d739bf8b925b20fdc4e12a801a3a13aca8067b4837923c66a6cb9ffc0"
"https://support.kraken.com/articles/115004862007-business-account","https://support.kraken.com/articles/115004862007-business-account","How to get verified for a Business account | Kraken","200","text/html; charset=utf-8","7/16/2026 3:31:20 PM","9502","b06a0997025940d403de43fbd78d432fd301138b289642603c0b5091f659dc6c"
"https://support.kraken.com/articles/14984895395092-which-kraken-platform-is-best-for-me-","https://support.kraken.com/articles/14984895395092-which-kraken-platform-is-best-for-me-","Which Kraken platform is best for me? | Kraken","200","text/html; charset=utf-8","7/9/2026 4:14:32 PM","8164","4851640a042b922f0883792fffff845ff1b077008840d11971b2f86be414574a"
"https://support.kraken.com/articles/201396877-what-is-the-global-settings-lock-gsl-","https://support.kraken.com/articles/201396877-what-is-the-global-settings-lock-gsl-","What is the Global Settings Lock (GSL)? | Kraken","200","text/html; charset=utf-8","7/16/2026 3:31:29 PM","3366","9f73a8ef11a6025049063ed6ad6613f8be35da21ccece1862265798e45b98861"
"https://support.kraken.com/articles/201889308-i-can-t-sign-in-to-my-account-","https://support.kraken.com/articles/201889308-i-can-t-sign-in-to-my-account-","I can't sign in to my account! | Kraken","200","text/html; charset=utf-8","7/16/2026 3:31:22 PM","9189","557f460e626e7055dc17edf7dd5551d86b23399d8fa0ed549a4f44e17280da7e"
"https://support.kraken.com/articles/203248063-what-does-kraken-do-to-secure-my-personal-information-","https://support.kraken.com/articles/203248063-what-does-kraken-do-to-secure-my-personal-information-","What does Kraken do to secure my personal information? | Kraken","200","text/html; charset=utf-8","7/10/2026 10:37:55 AM","4621","be2106e58df2b3af1f69254d460cd929e7939a5dde9187f0b35d8a1596dd245b"
"https://support.kraken.com/articles/360000380966-why-is-my-deposit-or-withdrawal-on-hold-","https://support.kraken.com/articles/360000380966-why-is-my-deposit-or-withdrawal-on-hold-","Why is my deposit or withdrawal on hold? | Kraken","200","text/html; charset=utf-8","7/10/2026 10:37:53 AM","2774","eb374f54be026ca673efe4cb003676d18b89853e68a32f621ce3186bb412db7a"
"https://support.kraken.com/articles/360000381846-cash-deposit-options-fees-minimums-and-processing-times-","https://support.kraken.com/articles/360000381846-cash-deposit-options-fees-minimums-and-processing-times-","Cash deposit options (fees, minimums and processing times) | Kraken","200","text/html; charset=utf-8","7/16/2026 3:31:07 PM","10637","069804820304c70132babe2f05a14914136b8582fc34c8b72ce08dc6aba9efcb"
"https://support.kraken.com/articles/360000389606-why-is-there-a-withdrawal-hold-on-my-account-","https://support.kraken.com/articles/360000389606-why-is-there-a-withdrawal-hold-on-my-account-","Why is there a withdrawal hold on my account? | Kraken","200","text/html; charset=utf-8","7/10/2026 10:37:52 AM","3993","57cda733626af5d1f690d63fc3929a76d79a06edf63c83a8796bb25b04d707f5"
"https://support.kraken.com/articles/360000426923-secure-your-account-with-two-factor-authentication-2fa-","https://support.kraken.com/articles/360000426923-secure-your-account-with-two-factor-authentication-2fa-","Secure your account with two-factor authentication (2FA) | Kraken","200","text/html; charset=utf-8","7/16/2026 3:31:24 PM","3668","7c3a690e48310058412f6e0eebfb64ee4707c355b372832580534a3ab10bc69e"
"https://support.kraken.com/articles/360000672203-document-requirements-for-verification","https://support.kraken.com/articles/360000672203-document-requirements-for-verification","Document requirements for verification | Kraken","200","text/html; charset=utf-8","7/10/2026 10:37:51 AM","4393","5f8c9d8b4216712ba26a4e902d567b584a9374196c778cc2e3e4d5aabf7a03f2"
"https://support.kraken.com/articles/360000673063-unable-to-withdraw-cryptocurrencies","https://support.kraken.com/articles/360000673063-unable-to-withdraw-cryptocurrencies","Unable to withdraw cryptocurrencies | Kraken","200","text/html; charset=utf-8","7/10/2026 10:37:53 AM","2897","77f0a25f98104a77d806eaac19cfca05f61393ce5bdac6970d84dacfe139137a"
"https://support.kraken.com/articles/360000767986-cryptocurrency-withdrawal-fees-and-minimums","https://support.kraken.com/articles/360000767986-cryptocurrency-withdrawal-fees-and-minimums","Cryptocurrency withdrawal fees and minimums | Kraken","200","text/html; charset=utf-8","7/16/2026 3:31:12 PM","1701","08181b1f8415fb01048f14897051d9b460aa0172d2395d4cf542d052137477a7"
"https://support.kraken.com/articles/360000911763-how-does-two-factor-authentication-2fa-for-funding-deposits-withdrawals-work-","https://support.kraken.com/articles/360000911763-how-does-two-factor-authentication-2fa-for-funding-deposits-withdrawals-work-","How does two-factor authentication (2FA) for funding (deposits & withdrawals) work? | Kraken","200","text/html; charset=utf-8","7/16/2026 3:31:26 PM","2841","963257cd272543250221f24a96e910731b378ae6fc11841e778a9a2d7ff1bbb2"
"https://support.kraken.com/articles/360001395743-verification-levels-explained","https://support.kraken.com/articles/360001395743-verification-levels-explained","Verification explained | Kraken","200","text/html; charset=utf-8","7/16/2026 3:31:17 PM","3559","45d19de1e1c9cf65d88e5fab2d52abbddc939e5c90767f65f23d184fea218b0e"
"https://support.kraken.com/articles/360021973671-how-to-get-verified-on-kraken","https://support.kraken.com/articles/360021973671-how-to-get-verified-on-kraken","How to get verified on Kraken | Kraken","200","text/html; charset=utf-8","7/10/2026 10:37:50 AM","2347","bee1496b2d326ec565d40f18eef733a5d781eaab909b36197d26135314b31f1c"
"https://support.kraken.com/articles/360060476591-how-do-i-report-a-phishing-incident-","https://support.kraken.com/articles/360060476591-how-do-i-report-a-phishing-incident-","How do I report a phishing incident? | Kraken","200","text/html; charset=utf-8","7/10/2026 10:37:54 AM","6592","0ba02ac415d756bb7080b6851b1221902aed03d7ef29c22236602de39d65a787"
"https://support.kraken.com/articles/complaint-handling-process","https://support.kraken.com/articles/complaint-handling-process","Complaint Handling Process: A Complete Guide | Kraken","200","text/html; charset=utf-8","7/10/2026 10:37:49 AM","7549","f24563c3589660b14b0ad32f118f601a02c959fbdf4ebbadc8f5c47e29231fd6"
"https://support.kraken.com/articles/deposit-and-withdrawal-limits","https://support.kraken.com/articles/deposit-and-withdrawal-limits","Viewing your cash deposit and withdrawal limits | Kraken","200","text/html; charset=utf-8","7/16/2026 3:31:09 PM","3241","60fcd76dbed9123b8c60ab055e4c780318c06348fda477d45179d0047b15fab8"
"https://support.kraken.com/articles/is-this-email-from-kraken","https://support.kraken.com/articles/is-this-email-from-kraken","Is this email from Kraken? | Kraken","200","text/html; charset=utf-8","7/10/2026 10:37:55 AM","6179","3a94e7704f8f018954a224b3e8ad8097406313c187dca26dc8c971b0374beabd"
"https://support.kraken.com/articles/usd-funding-guide","https://support.kraken.com/articles/usd-funding-guide","USD Funding Guide","200","text/html; charset=utf-8","7/16/2026 3:31:15 PM","9789","146811384509867ac64e5fdf87056e0acd78923d4d134bda19197b57dd008fdc"
"https://support.kraken.com/articles/where-is-kraken-licensed-or-regulated","https://support.kraken.com/articles/where-is-kraken-licensed-or-regulated","Where is Kraken licensed or regulated? | Kraken","200","text/html; charset=utf-8","7/16/2026 3:31:02 PM","14762","04fb93970b0f9e63c67b2f6f3f13f60aeedbef64cd78920b7d29f196c6f43ab7"
"https://support.kraken.com/articles/why-is-my-account-restricted","https://support.kraken.com/articles/why-is-my-account-restricted","Why is my account restricted? | Kraken","200","text/html; charset=utf-8","7/10/2026 10:37:50 AM","10836","b98a8046f34a39a4e2e15f1f3a831a3727741d954eed5be6a86186842d5e02f0"
"https://support.kraken.com/categories/204677947-getting-started","https://support.kraken.com/categories/204677947-getting-started","Getting Started | Kraken","200","text/html; charset=utf-8","7/10/2026 10:37:58 AM","2635","93b2f815cbbd2a0e1f051735fd0704f3e9b8f55f3b1bf13901f8218a296e54ee"
"https://support.kraken.com/sections/360006034931-other-topics","https://support.kraken.com/sections/360006034931-other-topics","Other topics | Kraken","200","text/html; charset=utf-8","7/10/2026 10:38:00 AM","1167","6fc853b6152dc5c00f1576e2d96217e5189e6e966153abf43c751292a56f7818"
"https://www.kraken.com","https://www.kraken.com","Kraken | Own the Power of Your Money — Crypto, Stocks & more","200","text/html; charset=utf-8","8/11/2026 11:17:02 PM","3929","e1fe29de549b6ccbc2438426bd15a5d37e52038e51a81b09dcf8dfaaf3cb2c5e"
"https://www.kraken.com/affiliate","https://www.kraken.com/affiliate","Kraken Affiliate Program | Earn commissions in crypto or fiat","200","text/html; charset=utf-8","8/11/2026 11:17:03 PM","5010","83665fe3729973698d7433671ebdaa734f282d7600afe1107dd8724bd62b1134"
"https://www.kraken.com/buy","https://www.kraken.com/buy","Buy Crypto | How to buy cryptocurrency instantly","200","text/html; charset=utf-8","8/11/2026 11:17:09 PM","11505","baa5930223fdae585ae55e1e2b049ec6345c06f5fcdc55df6bac76947dbfb510"
"https://www.kraken.com/compliance","https://www.kraken.com/compliance","Compliance Hub","200","text/html; charset=utf-8","7/16/2026 3:29:07 PM","656","08e6fbe28597269c9b5bd230dbc0be6be099699f33662c8cfd8f5019ab537bba"
"https://www.kraken.com/convert/btc/usd","https://www.kraken.com/convert/btc/usd","BTC to USD | Convert Bitcoin to USD","200","text/html; charset=utf-8","7/16/2026 3:29:51 PM","8355","dc1cba80094df2e3b87d642ac7494e324afc076cfabb884aac4c64c1c8277fd4"
"https://www.kraken.com/desktop","https://www.kraken.com/desktop","Kraken Desktop | Designed for active traders","200","text/html; charset=utf-8","7/10/2026 10:38:06 AM","10827","cb5c0bf0f7eb349501455516e2dcb5e4ee7bd9684ffe697825a5931428300ed4"
"https://www.kraken.com/en-gb/legal/privacy","https://www.kraken.com/gb/legal/privacy","Privacy Notice","200","text/html; charset=utf-8","7/10/2026 10:38:04 AM","53143","59b1088f4c5989b456e1241866eaf1eea18ecae8517d0916a786e9682db83527"
"https://www.kraken.com/features/auto-earn","https://www.kraken.com/features/auto-earn","Kraken Rewards | Earn crypto rewards and build your portfolio","200","text/html; charset=utf-8","7/16/2026 3:31:31 PM","16773","cf6204ce54f6696ef8c45ef6bcf395fed49de98d7216a3e9f5a9bac69fd53810"
"https://www.kraken.com/features/bundles","https://www.kraken.com/features/bundles","Bundles | Diversify Your Portfolio in Seconds | Kraken","200","text/html; charset=utf-8","7/16/2026 3:29:49 PM","7789","e65e832de7ac2659d2c6d15c68c12a29bdd9c7d0d374372c5ac78dad8d8a07e8"
"https://www.kraken.com/features/fee-schedule","https://www.kraken.com/features/fee-schedule","Fee Structures | Explore our trading fees | Kraken","200","text/html; charset=utf-8","8/11/2026 11:17:07 PM","22840","cb385ff5bf465a9adc2e4ab269680a96c161be6b6ae821820af690134e43e4dc"
"https://www.kraken.com/features/funding-options","https://www.kraken.com/features/funding-options","Funding Options | Fiat to Crypto & Crypto to Crypto Trading | Kraken","200","text/html; charset=utf-8","7/16/2026 3:31:05 PM","2603","3a4db8b2c59df42d50d9f3555dcf65debedfbb0a2b247fb2d97bc228a651f49e"
"https://www.kraken.com/features/futures","https://www.kraken.com/features/futures","Trade Perpetual Futures | Kraken Pro","200","text/html; charset=utf-8","8/11/2026 11:17:06 PM","12054","4d77e96a8287c53c1eb0bca163f61534cf80582e1e1f0d1ad026d6de23f86573"
"https://www.kraken.com/features/futures/perpetual","https://www.kraken.com/features/futures/perpetual","Trade Crypto Perpetual Futures Contracts | Kraken Perpetual Futures","200","text/html; charset=utf-8","8/11/2026 11:17:10 PM","4464","969d99df8cdc4edc4c25a9edd4ca923390e83d59507879da737a214a09053ed9"
"https://www.kraken.com/features/margin-trading","https://www.kraken.com/features/margin-trading","Crypto Margin Trading – Up to 10x Leverage | Kraken","200","text/html; charset=utf-8","7/16/2026 3:31:34 PM","3724","4ab15875d183d6dde203a8384baf13e80bab0a626a62f346562cc763d22fb521"
"https://www.kraken.com/features/otc-exchange","https://www.kraken.com/institutions/otc","Crypto OTC Trading Platform | Kraken","200","text/html; charset=utf-8","7/10/2026 10:38:09 AM","3579","1e4fc13829557cf86aaf55439c105a0001ec0190e14d0f384c442f050c211e48"
"https://www.kraken.com/features/staking","https://www.kraken.com/features/staking","Crypto Staking | Earn staking rewards up to 21%","200","text/html; charset=utf-8","7/16/2026 3:29:53 PM","7382","ec8b94a638f0c59e9d6f74e9a1a84f2ab74a85cefaa11c51626c0c17961489ae"
"https://www.kraken.com/features/trading-api","https://www.kraken.com/features/trading-api","Kraken API | REST, WebSocket and FIX APIs","200","text/html; charset=utf-8","7/16/2026 3:31:36 PM","7276","1893d2c02aeb565f3beea812579cca1afe83fa15b0fabb5759e9c840d9c253a2"
"https://www.kraken.com/gb/features/24-7-support","https://www.kraken.com/gb/features/24-7-support","24/7 Global Customer Support | Kraken","200","text/html; charset=utf-8","7/9/2026 4:13:54 PM","2654","b238922e9f002c309604608d1724ba3b899bce90ece148394f2086d92c753c0a"
"https://www.kraken.com/gb/xstocks","https://www.kraken.com/gb/xstocks","Tokenized Stocks and ETFs on Kraken","200","text/html; charset=utf-8","7/9/2026 4:14:08 PM","9043","e366215b87bc8b5304d233c1012338d7c3aabbfff6c4fe4a57d438d83fcbd223"
"https://www.kraken.com/institutions/custody","https://www.kraken.com/institutions/custody","Kraken Custody | Qualified custodian for crypto & digital assets","200","text/html; charset=utf-8","7/16/2026 3:31:38 PM","13926","f7e1286540c03a29f87b77c77b1e5e7f2a6e3c2148fd466bb28287302e6acf42"
"https://www.kraken.com/institutions/custody/supported-assets","https://www.kraken.com/institutions/custody/supported-assets","Kraken Custody | Supported Assets","200","text/html; charset=utf-8","7/16/2026 3:31:43 PM","6100","ff0026114cade1e8b835de622591d7a003086cbc0420c90fc736bee3ab1d01d4"
"https://www.kraken.com/kraken-app","https://www.kraken.com/kraken-app","The Kraken App | Smart crypto investing made easy","200","text/html; charset=utf-8","8/11/2026 11:17:08 PM","24097","6a3d61ee3b65b4d153bed71ffbe64918b1759ad763e4a9649cea51ba4e5565e6"
"https://www.kraken.com/learn","https://www.kraken.com/learn","Learn Crypto: Guides, Articles & Videos | Kraken","200","text/html; charset=utf-8","8/11/2026 11:16:54 PM","3741","251a50dfc13e0814e718df2495818f207845a9e12f4356b31b71080501a3e920"
"https://www.kraken.com/legal","https://www.kraken.com/legal","Terms of Service","200","text/html; charset=utf-8","8/11/2026 11:16:55 PM","1094","c70833d0ab4fd54a62a11239097105148ad2f81d01d19795248bb8a6243caa6d"
"https://www.kraken.com/legal/disclosures","https://www.kraken.com/legal/disclosures","Disclosures","200","text/html; charset=utf-8","8/11/2026 11:16:55 PM","69802","b42c55e61d4df341079e5b87ab8ace69607932b2838f61aac2f4d78dbfb5ecd2"
"https://www.kraken.com/legal/uk/disclaimer","https://www.kraken.com/legal/uk/disclaimer","UK Risk Disclaimer","200","text/html; charset=utf-8","8/11/2026 11:16:56 PM","2405","e5d703717b87d511be8ce05dcf03894c4ccfd98aa76b84e43041339c7a497e06"
"https://www.kraken.com/pro/flexline","https://www.kraken.com/pro/flexline","Kraken Flexline | Borrow against crypto without selling","200","text/html; charset=utf-8","8/11/2026 11:16:57 PM","3332","504ad59f7ad2ccb3bb74b6e258fd453b1660fd364be4111ba1de70a7a2078d73"
"https://www.kraken.com/pro/stocks","https://www.kraken.com/pro/stocks","Stocks and ETFs on Kraken Pro","200","text/html; charset=utf-8","8/11/2026 11:16:57 PM","6789","d17983b233d2a0839c5b43d540b897cbb1a13cc34a48149f6c6108ae8b7d24fa"
"https://www.kraken.com/pro/xstocks","https://www.kraken.com/pro/xstocks","xStocks | Tokenized Stocks and ETFs on Kraken Pro","200","text/html; charset=utf-8","8/11/2026 11:16:58 PM","8914","48013ba8bb8c157f0f5f13eb2cb40a349ef01ffd672be706ef8041153141356a"
"https://www.kraken.com/prop","https://www.kraken.com/prop","Crypto Prop Trading | Get Funded Up to $200K | Kraken Pro","200","text/html; charset=utf-8","7/16/2026 3:29:30 PM","8444","e3343c8668fe216d493439ca6e69697e345524ca5198cfe29006afed33d998a3"
"https://www.kraken.com/stocks","https://www.kraken.com/stocks","Stocks and ETFs on Kraken","200","text/html; charset=utf-8","8/11/2026 11:17:00 PM","6634","3e87720990ced45652667cdd59678d9ecc2432efea3e24a94a9718fb9a9eae7f"
"https://www.kraken.com/vip","https://www.kraken.com/vip","Kraken VIP | Access redefined","200","text/html; charset=utf-8","8/11/2026 11:17:00 PM","2272","f01dcfeb9e85eba66386a1b5fa35566b492a42951cdd33e27f036f4acc2b8221"
